dataset,n,d,coverage,width,y_std,resid_std,y_skew,y_kurt,bp_lm,bp_p,shapiro_p,under
synth_sin_80x5,80,5,0.9375,2.4310956597328186,0.8328051574364631,0.8172562240453417,-0.02655654922057275,-0.8676341795011502,4.627935804856678,0.4629506250078923,0.04664751783084455,0
synth_sin_100x10,100,10,0.7,1.7802554123103618,0.8717374593690909,0.8151923368826277,0.26380203292638715,-0.56326272139456,8.937753741637353,0.5380210200049607,0.7507818248657817,1
synth_sin_150x10,150,10,0.5666666666666667,1.639804901679357,0.8994760366755494,0.9064853118950805,0.09940107737214056,-0.6074970250005265,12.487494889075517,0.2537535943288516,0.03551353329019793,1
synth_sin_200x20,200,20,0.9,2.3469802021980284,0.8229231433961227,0.7558092003428705,-0.12158006321042851,-0.6383926195743483,29.331656849765185,0.08143134638828164,0.727794589598574,0
synth_poly_300x15,300,15,0.8833333333333333,2.5851206819216412,1.7196171454259987,0.9261596696647125,1.6146379402730262,6.927726198762766,30.466557631766417,0.010345988590897415,9.853554075605759e-05,0
synth_poly_500x20,500,20,0.88,1.96380215883255,1.7110113461256624,0.6464802944604783,1.3317358107384323,3.510126080300804,20.17827525929423,0.4468285725691359,0.0015652693614033523,0
friedman1_100,100,10,0.45,4.482618042826653,4.858442922613416,3.456610152114548,-0.022161774006316713,-0.7300214276222579,12.281182270887268,0.26667872455460495,0.74347775827058,1
friedman2_100,100,4,0.9,108.56063899993896,387.4739698613402,41.191513199108634,0.9243453335115588,0.28236530059097653,8.287230564802075,0.08160546160300641,0.02829646085966306,0
friedman3_100,100,4,0.9,0.8794525906443595,0.3017865436553124,0.2885316598016815,-1.5658655062199245,2.287720385516069,10.175916991636853,0.03756638318767147,0.0010194251761809399,0
friedman1_300,300,10,0.4166666666666667,1.7746767376859982,5.058523365771854,1.3755458966679497,0.10339403509511493,-0.5319466497593179,14.362783095099715,0.1570776980512566,0.15926396068843585,1
friedman2_300,300,4,0.9,98.72964528401693,384.6452668873284,28.406221350859855,1.0054549390854155,0.27789046624912705,1.4770611430481018,0.8306968814958484,0.1455906031625946,0
friedman3_300,300,4,0.8833333333333333,0.4129690706729889,0.32815111368857636,0.13307232931591326,-1.4544013612661846,1.8042228608400865,6.757007576768094,0.14930012709270735,0.6222150329841514,0
friedman1_500,500,10,0.88,2.954128541946411,4.912313168066828,1.2706718646974702,0.07957969016397608,-0.5557930489971277,18.244698250938228,0.0509735687752465,6.026247084026114e-09,0
friedman2_500,500,4,0.89,73.36807205200195,373.57568984953963,25.00908935980855,1.0423787516232899,0.3501865524712753,4.997775775950974,0.28752579061967953,0.0006698082698697036,0
friedman3_500,500,4,0.88,0.40943713679909705,0.33669508496738326,0.12077289202259074,-1.6372183166484828,2.7288245707242194,12.544972662056264,0.013727034091425283,0.30926281121341515,0
mreg_100x20_inf5,100,20,0.9,127.32832207679749,92.7283112548322,30.59957723142553,0.07378734471262724,-0.5764560253366833,20.0,0.45792971447185216,0.9495287525040007,0
mreg_300x30_inf8,300,30,0.65,53.066021315256755,162.45077378963364,31.47296975027902,-0.2364195771091233,0.31388029049152744,35.73859524225496,0.21676012313464543,0.020403616717376827,1
mreg_500x40_inf10,500,40,0.89,74.03907287597656,198.14755619637,24.498507229330755,-0.011748289129671755,-0.21633780667306945,46.70268714333437,0.21627598076028587,0.14020094028505553,0
diabetes,442,10,0.8876404494382022,175.99735988659805,77.00574586945044,53.607832501819736,0.43906639932477265,-0.8866436055681386,12.25289464878172,0.2684877331318829,0.11272461391349314,0
diabetes_50,50,10,0.9,178.00320739746093,72.53568501089653,43.90102377736635,0.39891717884398115,-0.8538379359830177,10.0,0.44049328506521224,0.49859968576774477,0
diabetes_100,100,10,0.9,173.43829498291015,72.24657431325032,48.75326635560526,0.30870850523340937,-1.013747444835197,11.497573361635617,0.3200873533288844,0.9281009159185554,0
diabetes_200,200,10,0.475,110.0618408203125,78.01452685237538,67.07714600810486,0.5279142933382978,-0.8662483627372861,12.976603881900864,0.22498286389542999,0.34489869544024776,1
energy_100,100,8,1.0,12.663679838180542,9.49789450352024,4.759121566470239,0.4320982869002465,-1.115887118063615,6.670213161310567,0.5725955400844225,0.030500955668605462,0
energy_300,300,8,0.9166666666666666,6.61592763264974,9.991316229606587,3.532387635979231,0.5001858866069874,-0.9864361356202367,13.025201912196447,0.11098543039095499,1.2150887192153424e-10,0
energy_500,500,8,0.88,2.7758671951293947,10.141356122333935,3.69956153977023,0.45888747308333666,-1.1079933072640302,9.250540759253179,0.32160362221383776,2.979842920824796e-20,0
yacht_100,100,6,0.95,10.42088030576706,15.532107548880802,4.29749058967684,1.4703556548846028,1.026795410723258,11.862213500374938,0.06511419338325197,0.017911038871515246,0
yacht_300,300,6,0.9,3.797137878338496,15.233858064594873,2.1964321933785818,1.7558205351995277,1.9975792570431707,23.871921524598225,0.000551357213111725,1.1912693811672289e-09,0
airfoil_100,100,5,0.9,11.10866950750351,6.2161793936388285,3.1587347608805167,-0.49712593487901285,0.20128478875629208,7.632045295341445,0.17771425037753208,0.029529630992592447,0
airfoil_300,300,5,0.8833333333333333,12.24647037188212,6.99133388649119,3.5352611820273037,-0.45847653923540926,-0.32904393496372375,16.060680508802058,0.006672946899453636,3.520415354519633e-05,0
airfoil_500,500,5,0.88,9.184821910858155,6.928243698622328,3.2472073272604858,-0.3676617084722059,-0.4018632884751052,14.068014528986339,0.01518310229812092,8.900422471332744e-06,0
wine_quality_100,100,11,0.9,1.8849015712738038,0.840178552451799,0.6607315605053037,0.08181330189264087,0.6183711606388185,16.85215327528492,0.1123255651935835,0.09029190782134011,0
wine_quality_300,300,11,0.8833333333333333,1.7683179378509521,0.8504639256834405,0.527718020637377,0.33811424904249937,0.14681918284320172,10.180949148692394,0.5141879424454778,0.03848198646620262,0
wine_quality_500,500,11,0.88,2.2146135807037353,0.871550342780037,0.7042650741954626,0.2296211388869644,0.42593133327842825,37.07007495169172,0.00011215750781667921,0.32504186154184816,0
cpu_small_100,100,12,0.9,32.014546966552736,20.692247340489622,9.776565126148274,-3.2341129549689565,10.311187204457443,19.967602876498887,0.06770129468211183,1.9365630139729095e-06,0
cpu_small_300,300,12,0.8833333333333333,13.521915435791016,17.186874513871206,8.381549256588174,-3.6604332936008617,15.188389220236552,59.10563170545818,3.2839907682102876e-08,8.988727730322479e-11,0
cpu_small_500,500,12,0.91,10.645684204101563,16.268432622720603,13.377237845030761,-3.658900478864473,16.116298452844106,97.93533172924207,1.4432899320127035e-15,1.864640831491376e-20,0
kin8nm_100,100,8,0.9,0.7279087141156196,0.2810467714163621,0.2283115289108314,0.08232828365038666,-0.566536772536367,10.702845334890164,0.21911141225062325,0.015811347233792784,0
kin8nm_300,300,8,0.9,0.5088835388422013,0.26133194959897815,0.15593038217291638,0.06985858732335065,-0.38461285505146403,4.925546463191488,0.7655034050527375,0.8836673867804015,0
kin8nm_500,500,8,0.89,0.4813951805233955,0.26812524158278933,0.15482465771039874,0.12283330983044784,-0.6546260683774898,12.310109258760004,0.13789462402247477,0.4649508662596418,0
abalone_100,100,7,0.95,6.767664432525635,2.8938555596297477,2.0281003558648885,0.9393217152574084,0.7741295085818614,17.02265499806575,0.017250681362048215,0.00040694747133526515,0
abalone_300,300,7,0.9,5.686070855458578,3.2760731914222485,2.1152836999086793,1.2637913972055592,2.5679840800234137,9.409796938219765,0.22455739310487122,6.297995781349313e-05,0
abalone_500,500,7,0.88,5.987167711257935,3.2271349522447923,2.1347399025347453,1.0165889838215592,1.6955809157586312,22.341784764184467,0.002217573843441012,0.0009174412121853572,0
forest_fires_100,100,10,0.9,423.0497387886047,81.09411215371928,163.6312174676742,7.634768356488314,63.17583986464365,8.85202783214908,0.5462020122705422,1.764729671300195e-08,0
forest_fires_300,300,10,0.9166666666666666,44.453233083089195,67.43828730172498,11.824634104496601,13.928694857300785,216.1889599824743,7.23827442266624,0.7027751627714665,3.305360496579334e-10,0
forest_fires_500,500,10,0.88,34.38072431564331,64.16736362722408,39.886711654016004,12.854053971586493,191.66534100539232,5.593390923608643,0.8481903364785192,4.462883885253494e-18,0
