dataset,acc,n_layers,L1_dead,L1_bias_neg,L1_bias_mean,L1_deadzone,L1_pre_mean,L1_pre_std,L1_pre_skew,L1_zero_grad_frac,L2_dead,L2_bias_neg,L2_bias_mean,L2_deadzone,L2_pre_mean,L2_pre_std,L2_pre_skew,L2_zero_grad_frac
sk_iris,0.9533333333333334,2.0,0.018691588193178177,0.39439252614974973,0.08720527589321136,1.5576323494315148e-05,0.0872052788734436,0.5002388834953309,-0.1715700391289776,0.4445482909679413,0.010810811072587967,0.4513513445854187,0.02196921445429325,0.0,0.3489277303218842,0.7125917553901673,0.04213897110957512,0.38497748374938967
sk_wine,0.9776190476190475,2.0,0.0,0.17747836485505103,0.051374323666095734,8.908288873499259e-06,0.05137432217597961,0.37677026391029356,0.5572860019007402,0.5103011667728424,0.011009174212813378,0.10091743133962154,0.03519410416483879,0.0,0.25890622437000277,0.4687254726886749,0.7907920646989097,0.4709644317626953
sk_breast_cancer,0.97,2.0,0.0,0.47272727489471433,0.012986735813319683,0.003943181736394763,0.012986735999584198,0.5719808995723724,0.0797660830774016,0.49508523344993594,0.009782608598470688,0.3206521674990654,0.013009730726480484,0.0008423912993748672,0.26631718277931216,0.7009263396263122,1.1362240419063285,0.4262228190898895
uci_hepatitis,0.8580645161290322,2.0,0.0,0.4229007661342621,0.02805374711751938,0.0006525486416649074,0.028053747862577437,0.5451064050197602,-0.020294283139677724,0.48252893686294557,0.004395604506134987,0.5252747476100922,0.004312744084745646,0.0,0.2088213413953781,0.3985979318618774,0.5306163191742445,0.3611839830875397
uci_parkinsons,0.9025641025641027,2.0,0.0,0.44967320561408997,0.012525553070008754,0.0006535947759402916,0.0125255536288023,0.43829892873764037,0.5875173024212504,0.5046170711517334,0.007476635277271271,0.1214953277260065,0.033561873435974124,0.0007428708369843662,0.24433547854423524,0.49286333918571473,1.325709568712657,0.3007668316364288
uci_sonar,0.8371660859465738,2.0,0.0,0.5326293587684632,0.0008961204031948001,0.0015167802921496332,0.0008961201325291768,0.5737438082695008,0.05538151608464429,0.5071333646774292,0.0014084506779909133,0.39347717761993406,0.01256442666053772,0.0,0.26718235611915586,0.44960667490959166,0.8738133861858284,0.30123663544654844
uci_ionosphere,0.9314688128772636,2.0,0.0,0.5342105269432068,-5.5424729362130164e-05,0.001136560266604647,-5.542476428672671e-05,0.5069935619831085,0.21078571251920852,0.5257783651351928,0.005031446367502213,0.4301886737346649,0.01512608714401722,0.0,0.2891888529062271,0.4358156740665436,0.9231580698217527,0.25997022688388827
uci_heart_statlog,0.8222222222222222,2.0,0.0,0.4191082775592804,0.022727442905306816,0.0005897617316804826,0.022727443650364876,0.5650374054908752,-0.002114990465043787,0.4854800641536713,0.027522936463356018,0.502752298116684,0.002096729539334774,0.0,0.15440527200698853,0.3814051389694214,0.6088458222175722,0.39504756927490237
uci_liver_disorders,0.712,2.0,0.0,0.4923076927661896,0.0018519622273743153,0.0038076923694461582,0.0018519616220146417,0.5508512139320374,0.2926298419619985,0.5067974328994751,0.14117647260427474,0.46323530077934266,0.008197512663900852,0.00019485293778416236,0.07978827692568302,0.4395006835460663,2.7955115337094343,0.483658093214035
uci_blood_transfusion,0.774,2.0,0.01750000026077032,0.4787500023841858,0.02502931673079729,0.004025000007823109,0.02502931635826826,0.5288888573646545,-0.35787718672270113,0.4944156289100647,0.26785714030265806,0.5910714268684387,-0.0011571857146918773,0.00018750000308500602,0.04663498504087329,0.3225188136100769,0.6530706504342865,0.5571651697158814
uci_banknote,1.0,2.0,0.023750000447034837,0.4625,0.058783008903265,0.0,0.05878301337361336,0.34749494194984437,0.14713183682609862,0.4435937464237213,0.02678571492433548,0.3267857074737549,0.018437331169843675,0.0,0.19946325719356536,0.32962799072265625,0.3590738349152307,0.41419196128845215
uci_glass,0.6961240310077519,2.0,0.0,0.40596388578414916,0.04423990249633789,0.003427980514243245,0.04423989951610565,0.5546263098716736,0.1043216544021774,0.46495476365089417,0.020770842116326092,0.34760788083076477,0.01750871166586876,0.0005607109284028411,0.3872570633888245,0.6830400228500366,1.1623326394954034,0.30964866280555725
uci_yeast,0.5832871287128713,2.0,0.0,0.48805620670318606,0.012373558804392814,0.0028616560623049734,0.012373558804392814,0.5610104680061341,0.18835776670787346,0.49918813109397886,0.1348993271589279,0.39194631576538086,0.009696046076714992,0.00048608788347337395,0.2894709289073944,0.6802472233772278,0.7348710178402827,0.3848569929599762
uci_vowel,0.7,2.0,0.0,0.38773006200790405,0.03882220610976219,0.0005177914048545062,0.03882220387458801,0.5237709105014801,-0.016939379071447706,0.46540552377700806,0.06385964900255203,0.36105263233184814,0.010449368879199028,0.0011728070123353973,0.6528740406036377,0.9305628061294555,0.5770263848775484,0.27212719321250917
uci_segment,0.9142857142857143,2.0,0.0,0.34265734553337096,0.05105574280023575,0.0004662004648707807,0.05105574429035187,0.4903058290481567,0.3210275153818879,0.47504994869232176,0.012999999709427357,0.26300000250339506,0.021287333220243454,0.00010714285599533468,0.45245697498321535,0.6715089917182923,0.7273596830369471,0.28439881205558776
uci_cmc,0.518,2.0,0.0,0.5616666674613953,-0.020146213099360467,0.0007020833436399698,-0.020146214589476585,0.5548916339874268,0.06542072896465755,0.5181958317756653,0.04642857275903225,0.48452380299568176,0.0010294719482772051,0.0,0.12965248227119447,0.3317276418209076,0.23090958167143288,0.35846726298332215
uci_balance_scale,0.9659191919191918,2.0,0.0030769231729209424,0.4779487192630768,0.03295053280889988,0.00010796221322380006,0.03295053243637085,0.4848575174808502,0.11479830607503923,0.4815846264362335,0.05882353112101555,0.3602941155433655,0.019560768641531466,0.0037691195029765368,0.25979714691638944,0.8570172429084778,0.367098735839715,0.43685412406921387
uci_wine_quality_red,0.49407881964667055,2.0,0.0,0.534536075592041,0.0028560506878420712,0.0016539191361516713,0.0028560505365021528,0.5381562829017639,-0.07614080764717639,0.495696884393692,0.16236162483692168,0.45830258131027224,0.006370602920651436,0.0002288581250468269,0.21987215280532837,0.5433776378631592,0.5488826608838263,0.40920451283454895
