dataset,K,model,acc
sk_iris,3,LogReg,0.9533333333333334
sk_iris,3,MLP_100,0.9466666666666667
sk_iris,3,MLP_128,0.9466666666666667
sk_iris,3,MLP_100_100,0.9533333333333334
sk_iris,3,KNN_k5,0.9733333333333334
sk_iris,3,RF_100,0.9466666666666667
sk_iris,3,SVC_rbf,0.96
sk_iris,3,SmallMLP_formula,0.9533333333333334
sk_iris,3,SmallMLP_classic,0.96
sk_iris,3,SmallMLP_bal,0.9533333333333334
sk_wine,3,LogReg,0.9833333333333332
sk_wine,3,MLP_100,0.9776190476190475
sk_wine,3,MLP_128,0.9776190476190475
sk_wine,3,MLP_100_100,0.9833333333333332
sk_wine,3,KNN_k5,0.9717460317460318
sk_wine,3,RF_100,0.9774603174603176
sk_wine,3,SVC_rbf,0.9833333333333332
sk_wine,3,SmallMLP_formula,0.9776190476190475
sk_wine,3,SmallMLP_classic,0.9833333333333332
sk_wine,3,SmallMLP_bal,0.9776190476190475
sk_breast_cancer,2,LogReg,0.9800000000000001
sk_breast_cancer,2,MLP_100,0.9719999999999999
sk_breast_cancer,2,MLP_128,0.9780000000000001
sk_breast_cancer,2,MLP_100_100,0.9739999999999999
sk_breast_cancer,2,KNN_k5,0.968
sk_breast_cancer,2,RF_100,0.96
sk_breast_cancer,2,SVC_rbf,0.978
sk_breast_cancer,2,SmallMLP_formula,0.97
sk_breast_cancer,2,SmallMLP_classic,0.9739999999999999
sk_breast_cancer,2,SmallMLP_bal,0.97
uci_hepatitis,2,LogReg,0.8516129032258064
uci_hepatitis,2,MLP_100,0.8516129032258064
uci_hepatitis,2,MLP_128,0.8580645161290322
uci_hepatitis,2,MLP_100_100,0.8451612903225806
uci_hepatitis,2,KNN_k5,0.8451612903225806
uci_hepatitis,2,RF_100,0.832258064516129
uci_hepatitis,2,SVC_rbf,0.8451612903225806
uci_hepatitis,2,SmallMLP_formula,0.8580645161290322
uci_hepatitis,2,SmallMLP_classic,0.8387096774193548
uci_hepatitis,2,SmallMLP_bal,0.8580645161290322
uci_parkinsons,2,LogReg,0.8666666666666666
uci_parkinsons,2,MLP_100,0.9282051282051282
uci_parkinsons,2,MLP_128,0.9333333333333333
uci_parkinsons,2,MLP_100_100,0.9435897435897436
uci_parkinsons,2,KNN_k5,0.8923076923076924
uci_parkinsons,2,RF_100,0.887179487179487
uci_parkinsons,2,SVC_rbf,0.8717948717948717
uci_parkinsons,2,SmallMLP_formula,0.9025641025641027
uci_parkinsons,2,SmallMLP_classic,0.8974358974358975
uci_parkinsons,2,SmallMLP_bal,0.9128205128205129
uci_sonar,2,LogReg,0.7836236933797908
uci_sonar,2,MLP_100,0.8562137049941928
uci_sonar,2,MLP_128,0.8369337979094077
uci_sonar,2,MLP_100_100,0.8558652729384436
uci_sonar,2,KNN_k5,0.8219512195121951
uci_sonar,2,RF_100,0.8274099883855982
uci_sonar,2,SVC_rbf,0.8413472706155632
uci_sonar,2,SmallMLP_formula,0.8371660859465738
uci_sonar,2,SmallMLP_classic,0.8320557491289199
uci_sonar,2,SmallMLP_bal,0.8371660859465738
uci_ionosphere,2,LogReg,0.8859154929577464
uci_ionosphere,2,MLP_100,0.9171830985915493
uci_ionosphere,2,MLP_128,0.9143661971830988
uci_ionosphere,2,MLP_100_100,0.9371830985915495
uci_ionosphere,2,KNN_k5,0.8404024144869215
uci_ionosphere,2,RF_100,0.9344466800804829
uci_ionosphere,2,SVC_rbf,0.9401207243460764
uci_ionosphere,2,SmallMLP_formula,0.9314688128772636
uci_ionosphere,2,SmallMLP_classic,0.9257545271629779
uci_ionosphere,2,SmallMLP_bal,0.9314688128772636
uci_heart_statlog,2,LogReg,0.837037037037037
uci_heart_statlog,2,MLP_100,0.8037037037037038
uci_heart_statlog,2,MLP_128,0.8185185185185185
uci_heart_statlog,2,MLP_100_100,0.7703703703703704
uci_heart_statlog,2,KNN_k5,0.8037037037037036
uci_heart_statlog,2,RF_100,0.7999999999999999
uci_heart_statlog,2,SVC_rbf,0.8296296296296297
uci_heart_statlog,2,SmallMLP_formula,0.8222222222222222
uci_heart_statlog,2,SmallMLP_classic,0.8296296296296296
uci_heart_statlog,2,SmallMLP_bal,0.8222222222222222
uci_liver_disorders,2,LogReg,0.724
uci_liver_disorders,2,MLP_100,0.71
uci_liver_disorders,2,MLP_128,0.714
uci_liver_disorders,2,MLP_100_100,0.702
uci_liver_disorders,2,KNN_k5,0.712
uci_liver_disorders,2,RF_100,0.724
uci_liver_disorders,2,SVC_rbf,0.72
uci_liver_disorders,2,SmallMLP_formula,0.712
uci_liver_disorders,2,SmallMLP_classic,0.718
uci_liver_disorders,2,SmallMLP_bal,0.68
uci_blood_transfusion,2,LogReg,0.774
uci_blood_transfusion,2,MLP_100,0.776
uci_blood_transfusion,2,MLP_128,0.778
uci_blood_transfusion,2,MLP_100_100,0.7040000000000001
uci_blood_transfusion,2,KNN_k5,0.738
uci_blood_transfusion,2,RF_100,0.718
uci_blood_transfusion,2,SVC_rbf,0.758
uci_blood_transfusion,2,SmallMLP_formula,0.774
uci_blood_transfusion,2,SmallMLP_classic,0.776
uci_blood_transfusion,2,SmallMLP_bal,0.756
uci_banknote,2,LogReg,0.982
uci_banknote,2,MLP_100,0.9960000000000001
uci_banknote,2,MLP_128,0.9960000000000001
uci_banknote,2,MLP_100_100,1.0
uci_banknote,2,KNN_k5,1.0
uci_banknote,2,RF_100,0.986
uci_banknote,2,SVC_rbf,0.992
uci_banknote,2,SmallMLP_formula,1.0
uci_banknote,2,SmallMLP_classic,1.0
uci_banknote,2,SmallMLP_bal,1.0
uci_glass,6,LogReg,0.663233665559247
uci_glass,6,MLP_100,0.7147286821705425
uci_glass,6,MLP_128,0.705204872646733
uci_glass,6,MLP_100_100,0.6913621262458471
uci_glass,6,KNN_k5,0.644296788482835
uci_glass,6,RF_100,0.7616832779623477
uci_glass,6,SVC_rbf,0.6869324473975637
uci_glass,6,SmallMLP_formula,0.6961240310077519
uci_glass,6,SmallMLP_classic,0.6961240310077519
uci_glass,6,SmallMLP_bal,0.6725359911406423
uci_yeast,10,LogReg,0.5753861386138615
uci_yeast,10,MLP_100,0.5554653465346535
uci_yeast,10,MLP_128,0.5733861386138615
uci_yeast,10,MLP_100_100,0.5752673267326733
uci_yeast,10,KNN_k5,0.5654059405940595
uci_yeast,10,RF_100,0.5853267326732674
uci_yeast,10,SVC_rbf,0.5693861386138614
uci_yeast,10,SmallMLP_formula,0.5832871287128713
uci_yeast,10,SmallMLP_classic,0.5852475247524753
uci_yeast,10,SmallMLP_bal,0.5773861386138615
uci_vowel,26,LogReg,0.686
uci_vowel,26,MLP_100,0.702
uci_vowel,26,MLP_128,0.734
uci_vowel,26,MLP_100_100,0.714
uci_vowel,26,KNN_k5,0.546
uci_vowel,26,RF_100,0.742
uci_vowel,26,SVC_rbf,0.6479999999999999
uci_vowel,26,SmallMLP_formula,0.7
uci_vowel,26,SmallMLP_classic,0.694
uci_vowel,26,SmallMLP_bal,0.7
uci_segment,7,LogReg,0.8904761904761905
uci_segment,7,MLP_100,0.9
uci_segment,7,MLP_128,0.9
uci_segment,7,MLP_100_100,0.8904761904761905
uci_segment,7,KNN_k5,0.8571428571428571
uci_segment,7,RF_100,0.9380952380952381
uci_segment,7,SVC_rbf,0.8571428571428571
uci_segment,7,SmallMLP_formula,0.9142857142857143
uci_segment,7,SmallMLP_classic,0.9095238095238095
uci_segment,7,SmallMLP_bal,0.9142857142857143
uci_cmc,3,LogReg,0.46799999999999997
uci_cmc,3,MLP_100,0.492
uci_cmc,3,MLP_128,0.506
uci_cmc,3,MLP_100_100,0.48200000000000004
uci_cmc,3,KNN_k5,0.42600000000000005
uci_cmc,3,RF_100,0.526
uci_cmc,3,SVC_rbf,0.502
uci_cmc,3,SmallMLP_formula,0.518
uci_cmc,3,SmallMLP_classic,0.512
uci_cmc,3,SmallMLP_bal,0.518
uci_balance_scale,3,LogReg,0.8637575757575757
uci_balance_scale,3,MLP_100,0.97989898989899
uci_balance_scale,3,MLP_128,0.981939393939394
uci_balance_scale,3,MLP_100_100,0.971858585858586
uci_balance_scale,3,KNN_k5,0.8336767676767677
uci_balance_scale,3,RF_100,0.8336969696969696
uci_balance_scale,3,SVC_rbf,0.8957979797979798
uci_balance_scale,3,SmallMLP_formula,0.9659191919191918
uci_balance_scale,3,SmallMLP_classic,0.9739191919191919
uci_balance_scale,3,SmallMLP_bal,0.9658989898989899
uci_wine_quality_red,7,LogReg,0.4882935352358765
uci_wine_quality_red,7,MLP_100,0.5019607843137255
uci_wine_quality_red,7,MLP_128,0.4861968549796156
uci_wine_quality_red,7,MLP_100_100,0.47239370995923124
uci_wine_quality_red,7,KNN_k5,0.44859250630945446
uci_wine_quality_red,7,RF_100,0.48223645894001166
uci_wine_quality_red,7,SVC_rbf,0.503999223451757
uci_wine_quality_red,7,SmallMLP_formula,0.49407881964667055
uci_wine_quality_red,7,SmallMLP_classic,0.509745680450398
uci_wine_quality_red,7,SmallMLP_bal,0.4763541059988352
