dataset,coverage,width
synth_sin_80x5,1.0,2.8671361909566127
synth_sin_100x10,0.55,1.698118454569574
synth_sin_150x10,0.5666666666666667,1.5590358910105424
synth_sin_200x20,0.9,2.383542277773185
synth_poly_300x15,0.9,4.160731940557214
synth_poly_500x20,0.88,4.696161819935998
friedman1_100,0.55,4.98815827340575
friedman2_100,0.9,132.9139366431458
friedman3_100,0.9,0.9278597220735492
friedman1_300,0.9,7.95543080371493
friedman2_300,0.9166666666666666,84.23130859740266
friedman3_300,0.9,0.4947622262080276
friedman1_500,0.55,1.8957685757739724
friedman2_500,0.89,33.732788007238675
friedman3_500,0.88,0.4322595505420574
mreg_100x20_inf5,0.9,140.51328867833718
mreg_300x30_inf8,0.6666666666666666,94.28290289325881
mreg_500x40_inf10,0.54,60.02755875894327
diabetes,0.898876404494382,183.23364413329702
diabetes_50,0.9,164.54866960645876
diabetes_100,0.9,184.55740607524496
diabetes_200,0.475,110.71195442815554
energy_100,0.9,10.769972474931695
energy_300,0.8833333333333333,9.01855934112933
energy_500,0.88,3.5532076661500245
yacht_100,0.9,11.033962782280216
yacht_300,0.9166666666666666,3.3334953071083655
airfoil_100,0.9,14.64347871690913
airfoil_300,0.8833333333333333,10.620927951351764
airfoil_500,0.49,5.655161007405679
wine_quality_100,0.9,1.9743597634956944
wine_quality_300,0.9,2.079331097219769
wine_quality_500,0.89,2.2154839372001867
cpu_small_100,0.9,31.230299628933086
cpu_small_300,0.8833333333333333,13.558477436878844
cpu_small_500,0.97,17.833675253526316
kin8nm_100,0.9,0.7028858948311922
kin8nm_300,0.9,0.6070491384977894
kin8nm_500,0.89,0.569839786091039
abalone_100,0.9,5.386782471698784
abalone_300,0.8833333333333333,5.698226681922746
abalone_500,0.88,6.229832903699295
forest_fires_100,0.9,408.7778164026484
forest_fires_300,0.9333333333333333,54.20687645627438
forest_fires_500,0.89,46.56927438929892
