dataset,model,mae
synth_sin_80x5,MLP_100,0.6354553071565119
synth_sin_80x5,MLP_wide,0.6759806732614116
synth_sin_80x5,KNN_k5,0.6808136978843731
synth_sin_80x5,RF_100,0.44131034136665875
synth_sin_80x5,SmallMLP,0.6907875250542025
synth_sin_100x10,MLP_100,0.8286323454489203
synth_sin_100x10,MLP_wide,0.7895654802680404
synth_sin_100x10,KNN_k5,0.7357342512453433
synth_sin_100x10,RF_100,0.5812213193382416
synth_sin_100x10,SmallMLP,0.6849125506928927
synth_sin_150x10,MLP_100,0.8585360988548164
synth_sin_150x10,MLP_wide,0.8384880628594598
synth_sin_150x10,KNN_k5,0.7678642664439055
synth_sin_150x10,RF_100,0.481676024483184
synth_sin_150x10,SmallMLP,0.6920542231280464
synth_sin_200x20,MLP_100,0.7063745461435955
synth_sin_200x20,MLP_wide,0.6577177961036421
synth_sin_200x20,KNN_k5,0.6462184575657203
synth_sin_200x20,RF_100,0.35413096153569734
synth_sin_200x20,SmallMLP,0.6497036701553565
synth_poly_300x15,MLP_100,0.539583982122281
synth_poly_300x15,MLP_wide,0.5392314523603299
synth_poly_300x15,KNN_k5,1.082901866799689
synth_poly_300x15,RF_100,0.7381575089754022
synth_poly_300x15,SmallMLP,0.5610365161838082
synth_poly_500x20,MLP_100,0.5394869937921782
synth_poly_500x20,MLP_wide,0.5330596348938755
synth_poly_500x20,KNN_k5,1.0994487565546016
synth_poly_500x20,RF_100,0.682768439852367
synth_poly_500x20,SmallMLP,0.39813830025236674
friedman1_100,MLP_100,2.398080928836408
friedman1_100,MLP_wide,2.4535379539189797
friedman1_100,KNN_k5,2.8211755511934875
friedman1_100,RF_100,2.275289889126098
friedman1_100,SmallMLP,2.101978915180029
friedman2_100,MLP_100,257.2550556240318
friedman2_100,MLP_wide,46.769191489243624
friedman2_100,KNN_k5,108.61855190684814
friedman2_100,RF_100,60.32859746124907
friedman2_100,SmallMLP,35.430588218235485
friedman3_100,MLP_100,0.2524136024003448
friedman3_100,MLP_wide,0.14385592274852596
friedman3_100,KNN_k5,0.13383566697074362
friedman3_100,RF_100,0.12789289372061313
friedman3_100,SmallMLP,0.11984821842732848
friedman1_300,MLP_100,1.4985299775472412
friedman1_300,MLP_wide,1.4454872151926
friedman1_300,KNN_k5,2.350537811880659
friedman1_300,RF_100,1.6594326703540343
friedman1_300,SmallMLP,0.9230447644618567
friedman2_300,MLP_100,76.06157745704594
friedman2_300,MLP_wide,17.85192891122102
friedman2_300,KNN_k5,76.37028777972436
friedman2_300,RF_100,30.330245554122268
friedman2_300,SmallMLP,15.40010289275447
friedman3_300,MLP_100,0.1562673714060316
friedman3_300,MLP_wide,0.11017575587066566
friedman3_300,KNN_k5,0.1375086383561233
friedman3_300,RF_100,0.10793469388988515
friedman3_300,SmallMLP,0.10609798438402884
friedman1_500,MLP_100,1.3194438467319567
friedman1_500,MLP_wide,0.8919681680757445
friedman1_500,KNN_k5,2.2131110340247995
friedman1_500,RF_100,1.5261147270114919
friedman1_500,SmallMLP,0.6384517732301132
friedman2_500,MLP_100,69.83948909922206
friedman2_500,MLP_wide,9.074369846393399
friedman2_500,KNN_k5,56.43276380964257
friedman2_500,RF_100,20.53663512318663
friedman2_500,SmallMLP,11.341535703490425
friedman3_500,MLP_100,0.14685086581000678
friedman3_500,MLP_wide,0.10766887382494568
friedman3_500,KNN_k5,0.13311927978038085
friedman3_500,RF_100,0.10036329090007194
friedman3_500,SmallMLP,0.09273414498111186
mreg_100x20_inf5,MLP_100,28.30969713399737
mreg_100x20_inf5,MLP_wide,24.008139848896416
mreg_100x20_inf5,KNN_k5,58.336180163485565
mreg_100x20_inf5,RF_100,34.39131067562331
mreg_100x20_inf5,SmallMLP,19.153685293957814
mreg_300x30_inf8,MLP_100,14.751626541234817
mreg_300x30_inf8,MLP_wide,14.433568298319335
mreg_300x30_inf8,KNN_k5,99.18687366854579
mreg_300x30_inf8,RF_100,75.33782323880905
mreg_300x30_inf8,SmallMLP,9.595979096400622
mreg_500x40_inf10,MLP_100,16.85351986145774
mreg_500x40_inf10,MLP_wide,19.057178562744028
mreg_500x40_inf10,KNN_k5,122.4617572505058
mreg_500x40_inf10,RF_100,85.61394214545989
mreg_500x40_inf10,SmallMLP,7.005575735199375
diabetes,MLP_100,45.15244438930928
diabetes,MLP_wide,46.78019407490652
diabetes,KNN_k5,46.75800306435137
diabetes,RF_100,46.69252706843718
diabetes,SmallMLP,45.569526543388335
diabetes_50,MLP_100,45.04447089582822
diabetes_50,MLP_wide,45.554462382725475
diabetes_50,KNN_k5,36.267999999999994
diabetes_50,RF_100,42.5816
diabetes_50,SmallMLP,34.74908264160156
diabetes_100,MLP_100,56.70691645549031
diabetes_100,MLP_wide,51.94920358898438
diabetes_100,KNN_k5,51.05200000000001
diabetes_100,RF_100,47.358900000000006
diabetes_100,SmallMLP,44.579343566894536
diabetes_200,MLP_100,54.13285551548945
diabetes_200,MLP_wide,52.20666172955284
diabetes_200,KNN_k5,51.74499999999999
diabetes_200,RF_100,49.57485
diabetes_200,SmallMLP,50.04410331726074
energy_100,MLP_100,2.8746807814698245
energy_100,MLP_wide,3.5359136117738537
energy_100,KNN_k5,2.806
energy_100,RF_100,1.7317999999999998
energy_100,SmallMLP,2.827985029220581
energy_300,MLP_100,3.048306571356789
energy_300,MLP_wide,2.8779598179210124
energy_300,KNN_k5,2.8526666666666665
energy_300,RF_100,0.8318333333333333
energy_300,SmallMLP,2.772881309191386
energy_500,MLP_100,2.37346140662506
energy_500,MLP_wide,0.9683307466607578
energy_500,KNN_k5,2.0776
energy_500,RF_100,0.57632
energy_500,SmallMLP,1.0177990350723267
yacht_100,MLP_100,5.646237611053005
yacht_100,MLP_wide,1.4295329272787147
yacht_100,KNN_k5,7.21322
yacht_100,RF_100,0.8225280000000004
yacht_100,SmallMLP,3.8280046674728396
yacht_300,MLP_100,1.6674604082971478
yacht_300,MLP_wide,0.49922829765228877
yacht_300,KNN_k5,5.265113333333334
yacht_300,RF_100,0.5394843333333328
yacht_300,SmallMLP,1.2130476320902506
airfoil_100,MLP_100,20.105069598526494
airfoil_100,MLP_wide,6.259322601367387
airfoil_100,KNN_k5,3.946102000000001
airfoil_100,RF_100,3.1481169000000078
airfoil_100,SmallMLP,2.362506965332031
airfoil_300,MLP_100,12.220148445789984
airfoil_300,MLP_wide,3.2288373788774885
airfoil_300,KNN_k5,3.234373333333333
airfoil_300,RF_100,2.4549350999999975
airfoil_300,SmallMLP,1.9625512984212239
airfoil_500,MLP_100,10.968060337814169
airfoil_500,MLP_wide,2.987742345208116
airfoil_500,KNN_k5,3.2995227999999996
airfoil_500,RF_100,2.0809222399999974
airfoil_500,SmallMLP,2.004749309448242
wine_quality_100,MLP_100,1.1614981549056722
wine_quality_100,MLP_wide,1.0600952595374886
wine_quality_100,KNN_k5,0.5900000000000001
wine_quality_100,RF_100,0.5981
wine_quality_100,SmallMLP,0.7003796768188476
wine_quality_300,MLP_100,0.6545577217680749
wine_quality_300,MLP_wide,0.6655155606384443
wine_quality_300,KNN_k5,0.602
wine_quality_300,RF_100,0.5805666666666667
wine_quality_300,SmallMLP,0.5703363100687662
wine_quality_500,MLP_100,0.6078663385529895
wine_quality_500,MLP_wide,0.6695633324631978
wine_quality_500,KNN_k5,0.6136000000000001
wine_quality_500,RF_100,0.5656
wine_quality_500,SmallMLP,0.5674204339981079
cpu_small_100,MLP_100,18.568671134212487
cpu_small_100,MLP_wide,8.029105164984246
cpu_small_100,KNN_k5,5.36
cpu_small_100,RF_100,3.1811
cpu_small_100,SmallMLP,5.503332023620605
cpu_small_300,MLP_100,6.855115897419052
cpu_small_300,MLP_wide,3.607285328469068
cpu_small_300,KNN_k5,3.6279999999999992
cpu_small_300,RF_100,2.6113333333333335
cpu_small_300,SmallMLP,3.346715621948242
cpu_small_500,MLP_100,5.937724007019133
cpu_small_500,MLP_wide,3.009365918959239
cpu_small_500,KNN_k5,3.2364000000000006
cpu_small_500,RF_100,2.5495799999999997
cpu_small_500,SmallMLP,3.733165237426758
kin8nm_100,MLP_100,0.22232579128247462
kin8nm_100,MLP_wide,0.19767746944140419
kin8nm_100,KNN_k5,0.17209596108
kin8nm_100,RF_100,0.22138664056219998
kin8nm_100,SmallMLP,0.16440569065013916
kin8nm_300,MLP_100,0.1705922986971619
kin8nm_300,MLP_wide,0.13288277137654367
kin8nm_300,KNN_k5,0.150507850788
kin8nm_300,RF_100,0.15704131846533328
kin8nm_300,SmallMLP,0.11288388316774578
kin8nm_500,MLP_100,0.17007309474858484
kin8nm_500,MLP_wide,0.12467212633942326
kin8nm_500,KNN_k5,0.13030193826320002
kin8nm_500,RF_100,0.14830384374276
kin8nm_500,SmallMLP,0.09404446576104608
abalone_100,MLP_100,1.7649535831105592
abalone_100,MLP_wide,2.035234274568809
abalone_100,KNN_k5,1.8839999999999997
abalone_100,RF_100,1.6652
abalone_100,SmallMLP,1.583114833831787
abalone_300,MLP_100,1.5322493212857005
abalone_300,MLP_wide,1.5192987444633552
abalone_300,KNN_k5,1.6633333333333333
abalone_300,RF_100,1.5838333333333332
abalone_300,SmallMLP,1.5464356819788616
abalone_500,MLP_100,1.621315880818599
abalone_500,MLP_wide,1.7085608443532934
abalone_500,KNN_k5,1.6584000000000003
abalone_500,RF_100,1.56118
abalone_500,SmallMLP,1.720046591758728
forest_fires_100,MLP_100,40.92547732213061
forest_fires_100,MLP_wide,64.90288104729673
forest_fires_100,KNN_k5,29.865879999999997
forest_fires_100,RF_100,35.107438
forest_fires_100,SmallMLP,24.18400722694397
forest_fires_300,MLP_100,22.120682891423975
forest_fires_300,MLP_wide,42.06033379971012
forest_fires_300,KNN_k5,26.38838
forest_fires_300,RF_100,24.23192392222222
forest_fires_300,SmallMLP,17.995503475824993
forest_fires_500,MLP_100,22.91714690497695
forest_fires_500,MLP_wide,32.05608333900664
forest_fires_500,KNN_k5,23.465368
forest_fires_500,RF_100,22.2798919647619
forest_fires_500,SmallMLP,18.814449574356075
