dataset,coverage,size,K
sk_iris,1.0,1.0666666666666667,3
sk_wine,1.0,1.0,3
sk_breast_cancer,0.9473684210526315,1.0,2
uci_hepatitis,0.9032258064516129,1.2258064516129032,2
uci_parkinsons,1.0,1.0256410256410255,2
uci_sonar,0.8809523809523809,1.0714285714285714,2
uci_ionosphere,0.9295774647887324,1.0704225352112675,2
uci_heart_statlog,0.8888888888888888,1.3333333333333333,2
uci_liver_disorders,0.9316239316239316,1.5299145299145298,2
uci_breast_cancer_wisconsin,0.9714285714285714,1.0,2
uci_blood_transfusion,0.9,1.46,2
uci_haberman,0.9032258064516129,1.6935483870967742,2
uci_banknote,1.0,1.0,2
uci_glass,0.6976744186046512,1.3488372093023255,6
uci_yeast,0.8855218855218855,2.898989898989899,10
uci_vowel,0.95275,1.0,26
