dataset,model,acc
sk_iris,LogReg,0.9533333333333334
sk_iris,MLP_100,0.9466666666666667
sk_iris,KNN_k5,0.9733333333333334
sk_iris,RF_100,0.9466666666666667
sk_iris,SVC_rbf,0.96
sk_iris,SmallMLP,0.9533333333333334
sk_wine,LogReg,0.9833333333333332
sk_wine,MLP_100,0.9776190476190475
sk_wine,KNN_k5,0.9717460317460318
sk_wine,RF_100,0.9774603174603176
sk_wine,SVC_rbf,0.9833333333333332
sk_wine,SmallMLP,0.9833333333333332
sk_breast_cancer,LogReg,0.9739999999999999
sk_breast_cancer,MLP_100,0.9659999999999999
sk_breast_cancer,KNN_k5,0.96
sk_breast_cancer,RF_100,0.9640000000000001
sk_breast_cancer,SVC_rbf,0.966
sk_breast_cancer,SmallMLP,0.9640000000000001
uci_hepatitis,LogReg,0.8516129032258064
uci_hepatitis,MLP_100,0.8516129032258064
uci_hepatitis,KNN_k5,0.8451612903225806
uci_hepatitis,RF_100,0.832258064516129
uci_hepatitis,SVC_rbf,0.8451612903225806
uci_hepatitis,SmallMLP,0.8258064516129032
uci_parkinsons,LogReg,0.8666666666666666
uci_parkinsons,MLP_100,0.9282051282051282
uci_parkinsons,KNN_k5,0.8923076923076924
uci_parkinsons,RF_100,0.887179487179487
uci_parkinsons,SVC_rbf,0.8717948717948717
uci_parkinsons,SmallMLP,0.9128205128205129
uci_sonar,LogReg,0.7836236933797908
uci_sonar,MLP_100,0.8562137049941928
uci_sonar,KNN_k5,0.8219512195121951
uci_sonar,RF_100,0.8274099883855982
uci_sonar,SVC_rbf,0.8413472706155632
uci_sonar,SmallMLP,0.8369337979094077
uci_ionosphere,LogReg,0.8859154929577464
uci_ionosphere,MLP_100,0.9171830985915493
uci_ionosphere,KNN_k5,0.8404024144869215
uci_ionosphere,RF_100,0.9344466800804829
uci_ionosphere,SVC_rbf,0.9401207243460764
uci_ionosphere,SmallMLP,0.9229778672032195
uci_heart_statlog,LogReg,0.837037037037037
uci_heart_statlog,MLP_100,0.8037037037037038
uci_heart_statlog,KNN_k5,0.8037037037037036
uci_heart_statlog,RF_100,0.7999999999999999
uci_heart_statlog,SVC_rbf,0.8296296296296297
uci_heart_statlog,SmallMLP,0.8148148148148149
uci_liver_disorders,LogReg,0.724
uci_liver_disorders,MLP_100,0.712
uci_liver_disorders,KNN_k5,0.6699999999999999
uci_liver_disorders,RF_100,0.702
uci_liver_disorders,SVC_rbf,0.712
uci_liver_disorders,SmallMLP,0.618
uci_blood_transfusion,LogReg,0.78
uci_blood_transfusion,MLP_100,0.8160000000000001
uci_blood_transfusion,KNN_k5,0.8019999999999999
uci_blood_transfusion,RF_100,0.766
uci_blood_transfusion,SVC_rbf,0.8039999999999999
uci_blood_transfusion,SmallMLP,0.726
uci_banknote,LogReg,0.986
uci_banknote,MLP_100,0.992
uci_banknote,KNN_k5,0.9960000000000001
uci_banknote,RF_100,0.984
uci_banknote,SVC_rbf,0.998
uci_banknote,SmallMLP,0.9960000000000001
uci_glass,LogReg,0.663233665559247
uci_glass,MLP_100,0.7147286821705425
uci_glass,KNN_k5,0.644296788482835
uci_glass,RF_100,0.7616832779623477
uci_glass,SVC_rbf,0.6869324473975637
uci_glass,SmallMLP,0.6351052048726468
uci_yeast,LogReg,0.6039999999999999
uci_yeast,MLP_100,0.575
uci_yeast,KNN_k5,0.545
uci_yeast,RF_100,0.61
uci_yeast,SVC_rbf,0.589
uci_yeast,SmallMLP,0.5599999999999999
uci_vowel,LogReg,0.73
uci_vowel,MLP_100,0.797
uci_vowel,KNN_k5,0.669
uci_vowel,RF_100,0.8030000000000002
uci_vowel,SVC_rbf,0.767
uci_vowel,SmallMLP,0.774
uci_vehicle,LogReg,0.782
uci_vehicle,MLP_100,0.8140000000000001
uci_vehicle,KNN_k5,0.666
uci_vehicle,RF_100,0.728
uci_vehicle,SVC_rbf,0.73
uci_vehicle,SmallMLP,0.6559999999999999
